{
    "twist":[
        0.0000225167540632,
        0.0000517292576052,
        0.000078131135538,
        0.0000901492588406,
        0.0000540263479719
    ],
    "alpha":2.997811665911961,
    "shapey":[
        0.0031621840423969,
        0.0046913195070353,
        0.0054624366613953,
        0.0052882868207217,
        0.0043574282221828,
        0.0029432213874709,
        -0.0031621840423969,
        -0.0046913195070353,
        -0.0054624366613953,
        -0.0052882868207217,
        -0.0043574282221828,
        -0.0029432213874709,
        0.0027381505081988,
        0.0043100012831353,
        0.0049466464667137,
        0.0041670291515154,
        0.0030276463377308,
        0.0025606248730119,
        0.0048959889560678,
        0.0063821609212247,
        0.0061144915085401,
        0.0047602933194406,
        0.0029699953444871,
        0.0001556619674135,
        0.0029443590916089,
        0.0039844368612002,
        0.0038129372526151,
        0.0026898949540303,
        0.0012978126139614,
        0.0008693868850101,
        0.0092765304474822,
        0.012200454543121,
        0.0121671814684168,
        0.0105992876686274,
        0.0080234008193412,
        0.0036805264994199,
        0.0029357280900538,
        0.0042357121603593,
        0.004466744346522,
        0.0033682471501613,
        0.0017428606456422,
        0.001121532921418,
        0.0029245773067851,
        0.0033904175653596,
        0.0028214930604256,
        0.0020097378503329,
        0.0011181203448261,
        -0.0002252834764423,
        0.0063264026972303,
        0.0075368032074373,
        0.0072742549270352,
        0.0060674112538545,
        0.0047022226111105,
        0.0032917992190863,
        0.0006491154205672,
        0.0029334666738317,
        0.003758592683945,
        0.0022771472214161,
        -0.0008475299041679,
        -0.0024719801951951,
        0.0008904266192069,
        0.0006432058874014,
        -0.0002396273459254,
        -0.0013644071951279,
        -0.0023334884333606,
        -0.0015840872240112,
        0.0000888302174322,
        -0.0009349841588495,
        -0.0025156962754785,
        -0.0033787335175212,
        -0.0033290116548748,
        -0.0025146732365516,
        0.0034331645402152,
        0.0039804239887803,
        0.0025900401645486,
        0.0002828697903428,
        -0.002032205755787,
        -0.0019183192374002,
        0.0047630882893069,
        0.0061570801863116,
        0.0053647100447781,
        0.0030610239445468,
        0.0000060420142736,
        -0.001780804666159,
        0.00480615781965,
        0.0052102498415003,
        0.0029351383475233,
        -0.0004694815906738,
        -0.0037566728723073,
        -0.0036505357431949,
        0.0060639590081921,
        0.0070302908352356,
        0.0052302831663626,
        0.001891871684268,
        -0.0019474090375506,
        -0.0031597175436283,
        0.0047671585222773,
        0.0056861409499543,
        0.0043743576624723,
        0.0017909818047593,
        -0.0010914909603679,
        -0.0019119777246302,
        0.0037793095625657,
        0.0042819513128694,
        0.0029412456666102,
        0.00064471893123,
        -0.0018479279300947,
        -0.0024086890890645,
        0.0007340259767912,
        0.0010843221851187,
        0.0012368132309435,
        0.0011831258030574,
        0.0009962202112306,
        0.0006642942544048,
        -0.0007340259767912,
        -0.0010843221851187,
        -0.0012368132309435,
        -0.0011831258030574,
        -0.0009962202112306,
        -0.0006642942544048
    ]
}