{
    "chord0": [
        1.054053254201665,
        1.1059360919211703,
        1.0468392092903671,
        0.9396111847396539,
        0.8223776290785545,
        0.7168681894085642
    ],
    "shape0": [
        -0.0045479138437973,
        0.0005097749603499,
        -0.00041601399933,
        0.0019090962122841,
        0.0064237889836208,
        0.0115141399912293,
        -0.0020345931016118,
        -0.0003222683080585,
        -0.0002833587545762,
        0.0021230738525913,
        0.0071279427186025,
        0.0126239269071689,
        0.0005158392834323,
        -0.0035681077096084,
        -0.0023787096589565,
        -0.000730218579862,
        0.0041929908158854,
        0.0101692539069256,
        -0.0046541836493047,
        0.0000150848339241,
        -0.0013357404602946,
        0.0012661962858609,
        0.0052924242123377,
        0.0112063896805557,
        -0.0022185848021799,
        -0.0021537990402075,
        -0.0030091089484096,
        -0.0008810405032617,
        0.003281821408738,
        0.008794716803597,
        0.0007399391862974,
        -0.0015142049356039,
        -0.0010242036725954,
        -0.0002241570264997,
        0.0044854078778252,
        0.0096115148488086,
        -0.0010761579744021,
        -0.0005042497607987,
        -0.0029271103083617,
        -0.0014446949011835,
        0.0023860148967914,
        0.0077310316239065,
        0.0019758464587323,
        -0.0008817374290073,
        -0.0015065786736375,
        0.0000007798054634,
        0.0033422739986365,
        0.0086407550865596,
        0.0066300571987726,
        -0.0020451727816951,
        -0.0025166927330337,
        -0.0016682412396339,
        0.0022231717485165,
        0.0064859892108902,
        0.0047571684891269,
        0.0000680805595621,
        -0.0009470066488716,
        -0.0006182250684674,
        0.0033023120152009,
        0.0071597722908651,
        0.0089450461417313,
        -0.0007712460755226,
        -0.0011435739097418,
        -0.0013369192388041,
        0.0022922775235353,
        0.0054371547129831,
        0.0117565072955511,
        0.0009048971915233,
        0.0003209548048649,
        -0.0000824540025499,
        0.0032086288516007,
        0.0061572311092398
    ],
    "twist0": [
        -0.0791841960397094,
        0.0525847098984606,
        0.0142787594945699,
        -0.0453960719086425,
        -0.1303157343533904,
        -0.2030356823355807
    ]
}