{
    "chord0": [
        1.206245828894783,
        1.5701903365757666,
        1.2036197213806914,
        0.7617516728261391,
        1.0163377187162272,
        0.5184368549278952
    ],
    "shape0": [
        -0.0023490958378354,
        -0.0001172552433058,
        0.0006860869919132,
        0.0005627167312623,
        0.0046090743645334,
        0.0072439580595079,
        -0.0019901978804492,
        -0.002717193757225,
        0.0002879855562329,
        0.0014181314922637,
        0.0046310267958639,
        0.0084600722026687,
        -0.0003455798509262,
        -0.0039923479788482,
        -0.0025113086443791,
        -0.000710304951632,
        0.0013167470715378,
        0.0062783227648893,
        -0.007703773300527,
        -0.0011824107458459,
        -0.0020020489039511,
        0.000437503467839,
        0.0029601034147512,
        0.0071543179200796,
        0.0003325558267746,
        -0.0030965618343517,
        -0.0014296036050371,
        -0.0019889910119518,
        0.0006190386654646,
        0.0050148599839685,
        -0.0032569043993602,
        -0.0023708698128684,
        -0.0020168519693915,
        -0.0001013599803755,
        0.0012689450920052,
        0.0059584712921159,
        -0.0018394437960789,
        -0.0004144453261207,
        -0.0022340140867982,
        -0.0022599543808526,
        -0.0001681622232065,
        0.0039431748942306,
        0.0035081941112295,
        0.0003528488211664,
        -0.0006970222551089,
        -0.0013059900253436,
        0.0010944367750931,
        0.0047205088001144,
        0.0056193972198997,
        0.0023416477678666,
        -0.0019579969028377,
        -0.0021749758749999,
        -0.0005882215615672,
        0.0030169818626853,
        0.0088436635605552,
        0.0029609988687375,
        -0.000238020467578,
        -0.0009847234025611,
        0.0004073700303265,
        0.0037285948722708,
        0.0077262593607147,
        0.0016824821817785,
        0.0001338391156071,
        -0.0023606408022396,
        0.0001769692157399,
        0.0017054135324883,
        0.0097016875163495,
        0.0048156835862653,
        0.0015177861829224,
        -0.0012324004875088,
        0.0012354841216411,
        0.002345466369199
    ],
    "span0": [
        0.0317628777109999
    ],
    "twist0": [
        -9.706663338400416,
        -4.402994929552252,
        -0.9920978472583073,
        0.6624893372345037,
        0.4520391433977219,
        0.5991696251202242
    ]
}